symbol,side_open,mode_open,mode_close,opened_at,closed_at,hold_minutes,open_size_usd,open_price,close_size_usd,close_price,units_close,pnl,open_hash,close_details
AAPLUSDT,buy,autonomous,autonomous,2026-09-10T18:52:49.646000+00:00,2026-09-10T21:43:41.781000+00:00,170.9,325.61,325.6100,323.84,326.1400,,,42684115…,Position closed
TSLAUSDT,sell,autonomous,autonomous,2026-09-10T18:52:50.965000+00:00,2026-09-10T21:43:51.823000+00:00,171.0,366.42,366.4200,363.81,363.9200,,,e0f85c4e…,Position closed
AAPLUSDT,buy,autonomous,autonomous,2026-09-10T18:57:53.478000+00:00,2026-09-10T21:51:46.365000+00:00,173.9,325.43,325.4300,324.02,326.2900,,,8f9748b4…,Position closed
TSLAUSDT,sell,autonomous,autonomous,2026-09-10T18:57:54.813000+00:00,2026-09-10T21:51:53.036000+00:00,174.0,366.54,366.5400,363.81,363.8500,,,cf97bbb4…,Position closed
AAPLUSDT,buy,autonomous,autonomous,2026-09-10T18:59:32.776000+00:00,2026-09-10T22:05:17.681000+00:00,185.7,325.46,325.4600,324.07,326.4700,,,6c41c504…,Position closed
TSLAUSDT,sell,autonomous,autonomous,2026-09-10T18:59:33.848000+00:00,2026-09-10T22:05:20.636000+00:00,185.8,366.42,366.4200,363.88,364.0000,,,dcee14c7…,Position closed
AAPLUSDT,buy,autonomous,autonomous,2026-09-10T19:04:36.096000+00:00,2026-09-10T22:24:15.463000+00:00,199.7,325.34,325.3400,324.09,324.0900,1,0.99,66cbadc0…,Position closed
TSLAUSDT,sell,autonomous,autonomous,2026-09-10T19:04:36.867000+00:00,2026-09-10T22:24:31.622000+00:00,199.9,366.04,366.0400,363.87,363.8700,1,2.47,85c6b939…,Position closed
AAPLUSDT,buy,autonomous,autonomous,2026-09-10T19:08:11.875000+00:00,2026-09-10T23:24:28.435000+00:00,256.3,325.37,325.3700,647.60,323.8000,2,1.03,0c9ab53d…,Position closed
TSLAUSDT,sell,autonomous,autonomous,2026-09-10T19:08:13.280000+00:00,2026-09-10T23:29:42.667000+00:00,261.5,365.77,365.7700,363.54,363.5400,1,2.92,3c1aaa59…,Position closed
AAPLUSDT,buy,autonomous,autonomous,2026-09-10T21:49:50.946000+00:00,2026-09-10T23:30:14.019000+00:00,100.4,326.29,326.2900,323.75,323.7500,1,0.58,952411eb…,Position closed
AAPLUSDT,buy,autonomous,autonomous,2026-09-10T21:54:54.217000+00:00,2026-09-10T23:31:33.406000+00:00,96.7,326.31,326.3100,323.72,323.7200,1,0.48,9ff1dfc6…,Position closed
AAPLUSDT,buy,autonomous,autonomous,2026-09-10T22:06:46.197000+00:00,2026-09-10T23:42:30.506000+00:00,95.7,326.48,326.4800,323.77,323.7700,1,0.02,38a484c2…,Position closed
AAPLUSDT,buy,autonomous,autonomous,2026-09-10T22:26:28.127000+00:00,2026-09-10T23:45:16.884000+00:00,78.8,326.39,326.3900,323.79,323.7900,1,-0.37,a4dc8b1c…,Position closed
AAPLUSDT,buy,autonomous,autonomous,2026-09-10T23:27:20.727000+00:00,2026-09-22T15:43:28.782+00:00,16816.1,325.93,325.9300,342.95,342.9500,1,,f07b9f3b…,Position closed
TSLAUSDT,sell,autonomous,autonomous,2026-09-10T21:49:52.262000+00:00,2026-09-22T15:43:31.319+00:00,16913.7,363.85,363.8500,376.33,376.3300,1,,163402d1…,Position closed
AAPLUSDT,sell,autonomous,strategy,2026-09-10T23:39:17.417000+00:00,2026-09-22T19:55:03.895000+00:00,17055.8,325.87,325.8700,5098.79,339.9193,15,,df94e9fd…,Position closed
TSLAUSDT,sell,autonomous,strategy,2026-09-10T21:54:55.752000+00:00,2026-09-23T12:42:18.955000+00:00,18167.4,363.91,363.9100,756.89,378.4450,2,-3.15,c8aef2ba…,Position closed
TSLAUSDT,sell,autonomous,strategy,2026-09-10T22:06:47.783000+00:00,2026-09-23T13:04:02.246000+00:00,18177.2,363.95,363.9500,1133.86,377.9533,3,-1.74,f7c497d5…,Position closed
TSLAUSDT,sell,autonomous,autonomous,2026-09-10T22:26:29.662000+00:00,2026-09-23T13:28:23.438000+00:00,18181.9,363.96,363.9600,377.93,377.9300,1,-13.75,a2b06594…,Position closed
AAPLUSDT,sell,autonomous,autonomous,2026-09-11T12:48:32.233000+00:00,2026-09-23T13:33:25.976000+00:00,17324.9,326.36,326.3600,9234.95,342.0353,27,16.56,44c4ffa1…,Position closed
TSLAUSDT,sell,autonomous,strategy,2026-09-11T12:53:37.471000+00:00,2026-09-23T17:01:19.330000+00:00,17527.7,364.33,364.3300,4597.45,383.1208,12,-13.03,44201221…,Position closed
TSLAUSDT,buy,autonomous,autonomous,2026-09-22T15:48:34.824+00:00,2026-09-23T17:06:36.949000+00:00,1518.0,376.25,376.2500,378.80,378.8000,1,-5.46,,Position closed
TSLAUSDT,buy,autonomous,autonomous,2026-09-22T15:53:38.996+00:00,2026-09-23T17:13:00.514000+00:00,1519.4,376.43,376.4300,378.14,378.1400,1,-5.35,,Position closed
TSLAUSDT,buy,autonomous,autonomous,2026-09-22T15:58:42.652+00:00,2026-09-23T18:38:49.527000+00:00,1600.1,376.80,376.8000,378.79,378.7900,1,-4.50,,Position closed
AAPLUSDT,buy,autonomous,strategy,2026-09-22T15:48:33.129+00:00,2026-09-24T18:27:48.295000+00:00,3039.3,343.23,343.2300,9803.71,338.0590,29,1.48,,Position closed
TSLAUSDT,buy,autonomous,autonomous,2026-09-22T16:03:46.393+00:00,2026-09-25T14:46:05.513000+00:00,4242.3,376.94,376.9400,1910.69,382.1380,5,-71.48,,Position closed
TSLAUSDT,buy,autonomous,autonomous,2026-09-22T16:08:49.717+00:00,2026-09-26T14:49:08.553000+00:00,5680.3,377.15,377.1500,1109.85,369.9500,3,-19.74,,Position closed
AAPLUSDT,buy,autonomous,autonomous,2026-09-22T15:53:36.895+00:00,2026-09-26T18:03:23.192000+00:00,5889.8,342.54,342.5400,4780.56,341.4686,14,-10.10,,Position closed
TSLAUSDT,buy,autonomous,strategy,2026-09-22T16:13:53.654+00:00,2026-09-28T15:20:47.761000+00:00,8586.9,377.01,377.0100,372.61,372.6100,1,-18.15,,Position closed
TSLAUSDT,buy,autonomous,autonomous,2026-09-22T17:57:13.738+00:00,2026-09-28T15:31:58.892000+00:00,8494.8,379.16,379.1600,739.96,369.9800,2,7.92,,Position closed
TSLAUSDT,buy,autonomous,strategy,2026-09-22T18:02:17.559+00:00,2026-09-28T20:40:04.263000+00:00,8797.8,378.81,378.8100,357.42,357.4200,1,6.64,,Position closed
