symbol,mode,closed_at,units,position_size_usd,price,pnl,details,status
AAPLUSDT,autonomous,2026-09-10T21:43:41.781000+00:00,,323.84,326.1400,0.53,Position closed,closed
TSLAUSDT,autonomous,2026-09-10T21:43:51.823000+00:00,,363.81,363.9200,2.50,Position closed,closed
AAPLUSDT,autonomous,2026-09-10T21:51:46.365000+00:00,,324.02,326.2900,0.85,Position closed,closed
TSLAUSDT,autonomous,2026-09-10T21:51:53.036000+00:00,,363.81,363.8500,2.69,Position closed,closed
AAPLUSDT,autonomous,2026-09-10T22:05:17.681000+00:00,,324.07,326.4700,1.00,Position closed,closed
TSLAUSDT,autonomous,2026-09-10T22:05:20.636000+00:00,,363.88,364.0000,2.42,Position closed,closed
AAPLUSDT,autonomous,2026-09-10T22:24:15.463000+00:00,1,324.09,324.0900,1.26,Position closed,closed
TSLAUSDT,autonomous,2026-09-10T22:24:31.622000+00:00,1,363.87,363.8700,2.09,Position closed,closed
AAPLUSDT,autonomous,2026-09-10T23:24:28.435000+00:00,2,647.60,323.8000,0.28,Position closed,closed
TSLAUSDT,autonomous,2026-09-10T23:29:42.667000+00:00,1,363.54,363.5400,2.15,Position closed,closed
AAPLUSDT,autonomous,2026-09-10T23:30:14.019000+00:00,1,323.75,323.7500,-0.39,Position closed,closed
AAPLUSDT,autonomous,2026-09-10T23:31:33.406000+00:00,1,323.72,323.7200,-0.63,Position closed,closed
AAPLUSDT,autonomous,2026-09-10T23:42:30.506000+00:00,1,323.77,323.7700,0.02,Position closed,closed
AAPLUSDT,autonomous,2026-09-10T23:45:16.884000+00:00,1,323.79,323.7900,-0.47,Position closed,closed
AAPLUSDT,autonomous,2026-09-22T15:43:28.782+00:00,1,342.95,342.9500,,Position closed,closed
TSLAUSDT,autonomous,2026-09-22T15:43:31.319+00:00,1,376.33,376.3300,,Position closed,closed
AAPLUSDT,strategy,2026-09-22T19:55:03.895000+00:00,15,5098.79,339.9193,13.80,Position closed,closed
TSLAUSDT,strategy,2026-09-23T12:42:18.955000+00:00,2,756.89,378.4450,-3.15,Position closed,closed
TSLAUSDT,strategy,2026-09-23T13:04:02.246000+00:00,3,1133.86,377.9533,-1.74,Position closed,closed
TSLAUSDT,autonomous,2026-09-23T13:28:23.438000+00:00,1,377.93,377.9300,-16.32,Position closed,closed
AAPLUSDT,autonomous,2026-09-23T13:33:25.976000+00:00,27,9234.95,342.0353,16.56,Position closed,closed
TSLAUSDT,strategy,2026-09-23T17:01:19.330000+00:00,12,4597.45,383.1208,-13.03,Position closed,closed
TSLAUSDT,autonomous,2026-09-23T17:06:36.949000+00:00,1,378.80,378.8000,-5.46,Position closed,closed
TSLAUSDT,autonomous,2026-09-23T17:13:00.514000+00:00,1,378.14,378.1400,-5.35,Position closed,closed
TSLAUSDT,autonomous,2026-09-23T18:38:49.527000+00:00,1,378.79,378.7900,-4.50,Position closed,closed
AAPLUSDT,strategy,2026-09-24T18:27:48.295000+00:00,29,9803.71,338.0590,1.48,Position closed,closed
TSLAUSDT,autonomous,2026-09-25T14:46:05.513000+00:00,5,1910.69,382.1380,-71.48,Position closed,closed
TSLAUSDT,autonomous,2026-09-26T14:49:08.553000+00:00,3,1109.85,369.9500,-23.58,Position closed,closed
AAPLUSDT,autonomous,2026-09-26T18:03:23.192000+00:00,14,4780.56,341.4686,-10.10,Position closed,closed
TSLAUSDT,strategy,2026-09-28T15:20:47.761000+00:00,1,372.61,372.6100,-18.15,Position closed,closed
TSLAUSDT,autonomous,2026-09-28T15:31:58.892000+00:00,2,739.96,369.9800,22.63,Position closed,closed
TSLAUSDT,strategy,2026-09-28T20:40:04.263000+00:00,1,357.42,357.4200,12.79,Position closed,closed
AAPLUSDT,autonomous,2026-09-30T16:46:22.365000+00:00,2,666.42,333.2100,0.01,Position closed,closed
TSLAUSDT,strategy,2026-09-30T17:49:27.683000+00:00,2,711.86,355.9300,31.46,Position closed,closed
AAPLUSDT,strategy,2026-10-01T15:42:25.252000+00:00,1,334.07,334.0700,-14.06,Position closed,closed
TSLAUSDT,autonomous,2026-10-08T15:17:46.823000+00:00,1,371.56,371.5600,-5.76,Position closed,closed
